seq,date,winner_reward,total_reward,no1,no2,no3,no4,no5,no6,bn
1,2002-12-07,0,0 ,10,23,29,33,37,40,16
2,2002-12-14,1,2002006800 ,9,13,21,25,32,42,2
3,2002-12-21,1,2000000000 ,11,16,19,21,27,31,30
4,2002-12-28,0,0 ,14,27,30,31,40,42,2
5,2003-01-04,0,0 ,16,24,29,40,41,42,3
6,2003-01-11,1,6574451700 ,14,15,26,27,40,42,34
7,2003-01-18,0,0 ,2,9,16,25,26,40,42
8,2003-01-25,0,0 ,8,19,25,34,37,39,9
9,2003-02-01,0,0 ,2,4,16,17,36,39,14
10,2003-02-08,13,6430437900 ,9,25,30,33,41,44,6
11,2003-02-15,5,4780152300 ,1,7,36,37,41,42,14
12,2003-02-22,12,1348845700 ,2,11,21,25,39,45,44
13,2003-03-01,0,0 ,22,23,25,37,38,42,26
14,2003-03-08,4,9375048300 ,2,6,12,31,33,40,15
15,2003-03-15,1,17014245000 ,3,4,16,30,31,37,13
16,2003-03-22,4,4377146100 ,6,7,24,37,38,40,33
17,2003-03-29,3,5349491200 ,3,4,9,17,32,37,1
18,2003-04-05,0,0 ,3,12,13,19,32,35,29
19,2003-04-12,1,40722959400 ,6,30,38,39,40,43,26
20,2003-04-19,1,19352212800 ,10,14,18,20,23,30,41
21,2003-04-26,23,797475400 ,6,12,17,18,31,32,21
22,2003-05-03,4,4552194900 ,4,5,6,8,17,39,25
23,2003-05-10,4,4317947700 ,5,13,17,18,33,42,44
24,2003-05-17,0,0 ,7,8,27,29,36,43,6
25,2003-05-24,2,24227745300 ,2,4,21,26,43,44,16
26,2003-05-31,5,3495069900 ,4,5,7,18,20,25,31
27,2003-06-07,2,9543982500 ,1,20,26,28,37,43,27
28,2003-06-14,10,1700361100 ,9,18,23,25,35,37,1
29,2003-06-21,5,3552594000 ,1,5,13,34,39,40,11
30,2003-06-28,2,8728555500 ,8,17,20,35,36,44,4
31,2003-07-05,2,8106672900 ,7,9,18,23,28,35,32
32,2003-07-12,10,1634528300 ,6,14,19,25,34,44,11
33,2003-07-19,1,14903517600 ,4,7,32,33,40,41,9
34,2003-07-26,5,3056918000 ,9,26,35,37,40,42,2
35,2003-08-02,3,5054598200 ,2,3,11,26,37,43,39
36,2003-08-09,1,16014475800 ,1,10,23,26,28,40,31
37,2003-08-16,3,4985999400 ,7,27,30,33,35,37,42
38,2003-08-23,3,5374866400 ,16,17,22,30,37,43,36
39,2003-08-30,6,2623748800 ,6,7,13,15,21,43,8
40,2003-09-06,13,1147652400 ,7,13,18,19,25,26,6
41,2003-09-13,0,0 ,13,20,23,35,38,43,34
42,2003-09-20,6,6899280100 ,17,18,19,21,23,32,1
43,2003-09-27,1,17749630800 ,6,31,35,38,39,44,1
44,2003-10-04,5,3362155800 ,3,11,21,30,38,45,39
45,2003-10-11,2,8356417800 ,1,10,20,27,33,35,17
46,2003-10-18,3,5327758800 ,8,13,15,23,31,38,39
47,2003-10-25,5,3250042400 ,14,17,26,31,36,45,27
48,2003-11-01,6,2415673600 ,6,10,18,26,37,38,3
49,2003-11-08,7,1967504600 ,4,7,16,19,33,40,30
50,2003-11-15,3,5227061400 ,2,10,12,15,22,44,1
51,2003-11-22,6,2421117000 ,2,3,11,16,26,44,35
52,2003-11-29,4,3900844900 ,2,4,15,16,20,29,1
53,2003-12-06,3,5014371000 ,7,8,14,32,33,39,42
54,2003-12-13,3,5148626600 ,1,8,21,27,36,39,37
55,2003-12-20,2,7088799600 ,17,21,31,37,40,44,7
56,2003-12-27,4,3777570900 ,10,14,30,31,33,37,19
57,2004-01-03,4,4114411900 ,7,10,16,25,29,44,6
58,2004-01-10,4,3676429200 ,10,24,25,33,40,44,1
59,2004-01-17,4,4127587300 ,6,29,36,39,41,45,13
60,2004-01-24,7,2172504600 ,2,8,25,36,39,42,11
61,2004-01-31,5,3541038800 ,14,15,19,30,38,43,8
62,2004-02-07,1,15817286400 ,3,8,15,27,29,35,21
63,2004-02-14,2,7922245500 ,3,20,23,36,38,40,5
64,2004-02-21,4,3899818000 ,14,15,18,21,26,36,39
65,2004-02-28,4,3727945800 ,4,25,33,36,40,43,39
66,2004-03-06,4,3685138200 ,2,3,7,17,22,24,45
67,2004-03-13,7,2114436500 ,3,7,10,15,36,38,33
68,2004-03-20,5,2945882100 ,10,12,15,16,26,39,38
69,2004-03-27,3,4962712200 ,5,8,14,15,19,39,35
70,2004-04-03,3,5031277800 ,5,19,22,25,28,43,26
71,2004-04-10,0,0 ,5,9,12,16,29,41,21
72,2004-04-17,13,3260524600 ,2,4,11,17,26,27,1
73,2004-04-24,6,2766662100 ,3,12,18,32,40,43,38
74,2004-05-01,3,5284949800 ,6,15,17,18,35,40,23
75,2004-05-08,4,3914616900 ,2,5,24,32,34,44,28
76,2004-05-15,2,7451022600 ,1,3,15,22,25,37,43
77,2004-05-22,3,5155758600 ,2,18,29,32,43,44,37
78,2004-05-29,4,3519850000 ,10,13,25,29,33,35,38
79,2004-06-05,4,3416443800 ,3,12,24,27,30,32,14
80,2004-06-12,1,13809540000 ,17,18,24,25,26,30,1
81,2004-06-19,5,2714288880 ,5,7,11,13,20,33,6
82,2004-06-26,1,14562494400 ,1,2,3,14,27,42,39
83,2004-07-03,2,7086948300 ,6,10,15,17,19,34,14
84,2004-07-10,2,7669779000 ,16,23,27,34,42,45,11
85,2004-07-17,4,3462109800 ,6,8,13,23,31,36,21
86,2004-07-24,1,14252186400 ,2,12,37,39,41,45,33
87,2004-07-31,11,1799358055 ,4,12,16,23,34,43,26
88,2004-08-07,4,3069709650 ,1,17,20,24,30,41,27
89,2004-08-14,3,4248321900 ,4,26,28,29,33,40,37
90,2004-08-21,4,3291435300 ,17,20,29,35,38,44,10
91,2004-08-28,4,3582902400 ,1,21,24,26,29,42,27
92,2004-09-04,11,1233270846 ,3,14,24,33,35,36,17
93,2004-09-11,6,2269178150 ,6,22,24,36,38,44,19
94,2004-09-18,6,2245339950 ,5,32,34,40,41,45,6
95,2004-09-25,8,1747741238 ,8,17,27,31,34,43,14
96,2004-10-02,7,1847133515 ,1,3,8,21,22,31,20
97,2004-10-09,9,1496214000 ,6,7,14,15,20,36,3
98,2004-10-16,4,3177972300 ,6,9,16,23,24,32,43
99,2004-10-23,6,2169219050 ,1,3,10,27,29,37,11
100,2004-10-30,4,3315315525 ,1,7,11,23,37,42,6
101,2004-11-06,5,2707297500 ,1,3,17,32,35,45,8
102,2004-11-13,9,1457153067 ,17,22,24,26,35,40,42
103,2004-11-20,8,1691589563 ,5,14,15,27,30,45,10
104,2004-11-27,2,6610743750 ,17,32,33,34,42,44,35
105,2004-12-04,4,3416781450 ,8,10,20,34,41,45,28
106,2004-12-11,16,810461157 ,4,10,12,22,24,33,29
107,2004-12-18,2,6679927800 ,1,4,5,6,9,31,17
108,2004-12-25,7,1998900772 ,7,18,22,23,29,44,12
109,2005-01-01,12,1246838200 ,1,5,34,36,42,44,33
110,2005-01-08,3,4566262000 ,7,20,22,23,29,43,1
111,2005-01-15,6,2199047450 ,7,18,31,33,36,40,27
112,2005-01-22,9,1567271167 ,26,29,30,33,41,42,43
113,2005-01-29,9,1561528934 ,4,9,28,33,36,45,26
114,2005-02-05,6,2362345050 ,11,14,19,26,28,41,2
115,2005-02-12,9,1488589567 ,1,2,6,9,25,28,31
116,2005-02-19,7,1997747315 ,2,4,25,31,34,37,17
117,2005-02-26,9,1558378334 ,5,10,22,34,36,44,35
118,2005-03-05,10,1297989720 ,3,4,10,17,19,22,38
119,2005-03-12,9,1474899400 ,3,11,13,14,17,21,38
120,2005-03-19,3,4364530300 ,4,6,10,11,32,37,30
121,2005-03-26,2,6839648100 ,12,28,30,34,38,43,9
122,2005-04-02,9,1450073800 ,1,11,16,17,36,40,8
123,2005-04-09,5,2532982680 ,7,17,18,28,30,45,27
124,2005-04-16,9,1395936267 ,4,16,23,25,29,42,1
125,2005-04-23,7,1754870786 ,2,8,32,33,35,36,18
126,2005-04-30,9,1369301500 ,7,20,22,27,40,43,1
127,2005-05-07,6,1965939150 ,3,5,10,29,32,43,35
128,2005-05-14,6,2064043100 ,12,30,34,36,37,45,39
129,2005-05-21,11,1093629655 ,19,23,25,28,38,42,17
130,2005-05-28,4,3036496650 ,7,19,24,27,42,45,31
131,2005-06-04,8,1451214488 ,8,10,11,14,15,21,37
132,2005-06-11,4,2920473525 ,3,17,23,34,41,45,43
133,2005-06-18,8,1450242600 ,4,7,15,18,23,26,13
134,2005-06-25,5,2349155100 ,3,12,20,23,31,35,43
135,2005-07-02,7,1717293515 ,6,14,22,28,35,39,16
136,2005-07-09,6,1997694150 ,2,16,30,36,41,42,11
137,2005-07-16,9,1270403467 ,7,9,20,25,36,39,15
138,2005-07-23,5,2227152000 ,10,11,27,28,37,39,19
139,2005-07-30,7,1650210215 ,9,11,15,20,28,43,13
140,2005-08-06,5,2109462840 ,3,13,17,18,19,28,8
141,2005-08-13,6,1900552400 ,8,12,29,31,42,43,2
142,2005-08-20,11,1018265564 ,12,16,30,34,40,44,19
143,2005-08-27,3,3954584700 ,26,27,28,42,43,45,8
144,2005-09-03,8,1402440413 ,4,15,17,26,36,37,43
145,2005-09-10,3,3797838200 ,2,3,13,20,27,44,9
146,2005-09-17,2,6043415250 ,2,19,27,35,41,42,25
147,2005-09-24,7,1700040215 ,4,6,13,21,40,42,36
148,2005-10-01,5,2323596420 ,21,25,33,34,35,36,17
149,2005-10-08,7,1639052143 ,2,11,21,34,41,42,27
150,2005-10-15,4,2831645850 ,2,18,25,28,37,39,16
151,2005-10-22,4,2716634025 ,1,2,10,13,18,19,15
152,2005-10-29,5,2278131840 ,1,5,13,26,29,34,43
153,2005-11-05,4,2730526125 ,3,8,11,12,13,36,33
154,2005-11-12,4,2836628700 ,6,19,21,35,40,45,20
155,2005-11-19,9,1193005734 ,16,19,20,32,33,41,4
156,2005-11-26,8,1401099900 ,5,18,28,30,42,45,2
157,2005-12-03,2,5484903750 ,19,26,30,33,35,39,37
158,2005-12-10,10,1069544340 ,4,9,13,18,21,34,7
159,2005-12-17,6,1755407300 ,1,18,30,41,42,43,32
160,2005-12-24,2,5490805350 ,3,7,8,34,39,41,1
161,2005-12-31,7,1996876272 ,22,34,36,40,42,45,44
162,2006-01-07,5,2308265760 ,1,5,21,25,38,41,24
163,2006-01-14,7,1629726515 ,7,11,26,28,29,44,16
164,2006-01-21,3,4054937900 ,6,9,10,11,39,41,27
165,2006-01-28,2,6767426700 ,5,13,18,19,22,42,31
166,2006-02-04,11,1111299982 ,9,12,27,36,39,45,14
167,2006-02-11,5,2491222920 ,24,27,28,30,36,39,4
168,2006-02-18,5,2349946920 ,3,10,31,40,42,43,30
169,2006-02-25,5,2482888380 ,16,27,35,37,43,45,19
170,2006-03-04,6,1923108250 ,2,11,13,15,31,42,10
171,2006-03-11,6,1961339700 ,4,16,25,29,34,35,1
172,2006-03-18,11,1081154073 ,4,19,21,24,26,41,35
173,2006-03-25,8,1487736788 ,3,9,24,30,33,34,18
174,2006-04-01,7,1771103058 ,13,14,18,22,35,39,16
175,2006-04-08,5,2371132620 ,19,26,28,31,33,36,17
176,2006-04-15,5,2314663080 ,4,17,30,32,33,34,15
177,2006-04-22,7,1693285500 ,1,10,13,16,37,43,6
178,2006-04-29,5,2254621080 ,1,5,11,12,18,23,9
179,2006-05-06,10,1081093920 ,5,9,17,25,39,43,32
180,2006-05-13,2,5763371550 ,2,15,20,21,29,34,22
181,2006-05-20,6,1941763300 ,14,21,23,32,40,45,44
182,2006-05-27,3,3721439400 ,13,15,27,29,34,40,35
183,2006-06-03,6,1777221500 ,2,18,24,34,40,42,5
184,2006-06-10,6,1747753050 ,1,2,6,16,20,33,41
185,2006-06-17,3,3522485800 ,1,2,4,8,19,38,14
186,2006-06-24,9,1187882600 ,4,10,14,19,21,45,9
187,2006-07-01,7,1544733900 ,1,2,8,18,29,38,42
188,2006-07-08,3,3501405200 ,19,24,27,30,31,34,36
189,2006-07-15,3,3461775100 ,8,14,32,35,37,45,28
190,2006-07-22,6,1784159450 ,8,14,18,30,31,44,15
191,2006-07-29,4,2577114675 ,5,6,24,25,32,37,8
192,2006-08-05,4,2445348375 ,4,8,11,18,37,45,33
193,2006-08-12,3,3404449700 ,6,14,18,26,36,39,13
194,2006-08-19,4,2650567875 ,15,20,23,26,39,44,28
195,2006-08-26,11,918992591 ,7,10,19,22,35,40,31
196,2006-09-02,15,727876520 ,35,36,37,41,44,45,30
197,2006-09-09,6,1803018300 ,7,12,16,34,42,45,4
198,2006-09-16,6,1797855050 ,12,19,20,25,41,45,2
199,2006-09-23,2,5344252200 ,14,21,22,25,30,36,43
200,2006-09-30,8,1344616613 ,5,6,13,14,17,20,7
201,2006-10-07,1,9719465400 ,3,11,24,38,39,44,26
202,2006-10-14,6,1893391700 ,12,14,27,33,39,44,17
203,2006-10-21,5,2164564740 ,1,3,11,24,30,32,7
204,2006-10-28,8,1358347125 ,3,12,14,35,40,45,5
205,2006-11-04,6,1835221800 ,1,3,21,29,35,37,30
206,2006-11-11,5,2032859340 ,1,2,3,15,20,25,43
207,2006-11-18,5,2104673760 ,3,11,14,31,32,37,38
208,2006-11-25,6,1760767400 ,14,25,31,34,40,44,24
209,2006-12-02,6,1660896350 ,2,7,18,20,24,33,37
210,2006-12-09,2,5139085950 ,10,19,22,23,25,37,39
211,2006-12-16,10,1035800250 ,12,13,17,20,33,41,8
212,2006-12-23,4,2660747250 ,11,12,18,21,31,38,8
213,2006-12-30,8,1376678025 ,2,3,4,5,20,24,42
214,2007-01-06,8,1406980875 ,5,7,20,25,28,37,32
215,2007-01-13,7,1587689615 ,2,3,7,15,43,44,4
216,2007-01-20,13,848506108 ,7,16,17,33,36,40,1
217,2007-01-27,7,1611246172 ,16,20,27,33,35,39,38
218,2007-02-03,4,2779075800 ,1,8,14,18,29,44,20
219,2007-02-10,9,1208409167 ,4,11,20,26,35,37,16
220,2007-02-17,6,1958094950 ,5,11,19,21,34,43,31
221,2007-02-24,6,1800104250 ,2,20,33,35,37,40,10
222,2007-03-03,5,2275193820 ,5,7,28,29,39,43,44
223,2007-03-10,7,1498170600 ,1,3,18,20,26,27,38
224,2007-03-17,6,1808969950 ,4,19,26,27,30,42,7
225,2007-03-24,6,1777201800 ,5,11,13,19,31,36,7
226,2007-03-31,6,1744100150 ,2,6,8,14,21,22,34
227,2007-04-07,2,5253542400 ,4,5,15,16,22,42,2
228,2007-04-14,9,1146700334 ,17,25,35,36,39,44,23
229,2007-04-21,7,1451441100 ,4,5,9,11,23,38,35
230,2007-04-28,8,1292929163 ,5,11,14,29,32,33,12
231,2007-05-05,9,1088365900 ,5,10,19,31,44,45,27
232,2007-05-12,9,1110918400 ,8,9,10,12,24,44,35
233,2007-05-19,10,999153750 ,4,6,13,17,28,40,39
234,2007-05-26,4,2519743875 ,13,21,22,24,26,37,4
235,2007-06-02,3,3433330100 ,21,22,26,27,31,37,8
236,2007-06-09,2,5030040150 ,1,4,8,13,37,39,7
237,2007-06-16,7,1440630729 ,1,11,17,21,24,44,33
238,2007-06-23,9,1121660567 ,2,4,15,28,31,34,35
239,2007-06-30,9,1134140167 ,11,15,24,39,41,44,7
240,2007-07-07,2,5098251450 ,6,10,16,40,41,43,21
241,2007-07-14,4,2552016300 ,2,16,24,27,28,35,21
242,2007-07-21,8,1234542375 ,4,19,20,21,32,34,43
243,2007-07-28,4,2408850000 ,2,12,17,19,28,42,34
244,2007-08-04,1,9121583100 ,13,16,25,36,37,38,19
245,2007-08-11,7,1382583129 ,9,11,27,31,32,38,22
246,2007-08-18,5,1911774240 ,13,18,21,23,26,39,15
247,2007-08-25,6,1669313900 ,12,15,28,36,39,40,13
248,2007-09-01,8,1227479363 ,3,8,17,23,38,45,13
249,2007-09-08,6,1663568700 ,3,8,27,31,41,44,11
250,2007-09-15,5,1994726280 ,19,23,30,37,43,45,38
251,2007-09-22,8,1282616400 ,6,7,19,25,28,38,45
252,2007-09-29,7,1391089715 ,14,23,26,31,39,45,28
253,2007-10-06,4,2466189525 ,8,19,25,31,34,36,33
254,2007-10-13,1,9741015900 ,1,5,19,20,24,30,27
255,2007-10-20,6,1598618550 ,1,5,6,24,27,42,32
256,2007-10-27,2,4891017000 ,4,11,14,21,23,43,32
257,2007-11-03,4,2391377025 ,6,13,27,31,32,37,4
258,2007-11-10,4,2426434350 ,14,27,30,31,38,40,17
259,2007-11-17,2,4838533500 ,4,5,14,35,42,45,34
260,2007-11-24,4,2310085575 ,7,12,15,24,37,40,43
261,2007-12-01,3,3192299100 ,6,11,16,18,31,43,2
262,2007-12-08,2,4518741600 ,9,12,24,25,29,31,36
263,2007-12-15,6,1551704900 ,1,27,28,32,37,40,18
264,2007-12-22,7,1344889200 ,9,16,27,36,41,44,5
265,2007-12-29,8,1200838575 ,5,9,34,37,38,39,12
266,2008-01-05,3,3207211700 ,3,4,9,11,22,42,37
267,2008-01-12,3,3257663300 ,7,8,24,34,36,41,1
268,2008-01-19,7,1350954515 ,3,10,19,24,32,45,12
269,2008-01-26,5,1961399940 ,5,18,20,36,42,43,32
270,2008-02-02,5,1927830060 ,5,9,12,20,21,26,27
271,2008-02-09,6,1565918150 ,3,8,9,27,29,40,36
272,2008-02-16,9,1104622800 ,7,9,12,27,39,43,28
273,2008-02-23,3,3339543100 ,1,8,24,31,34,44,6
274,2008-03-01,4,2505085575 ,13,14,15,26,35,39,25
275,2008-03-08,1,10044066900 ,14,19,20,35,38,40,26
276,2008-03-15,3,3312569000 ,4,15,21,33,39,41,25
277,2008-03-22,3,3272627800 ,10,12,13,15,25,29,20
278,2008-03-29,3,3186530000 ,3,11,37,39,41,43,13
279,2008-04-05,5,1914205320 ,7,16,31,36,37,38,11
280,2008-04-12,7,1355258529 ,10,11,23,24,36,37,35
281,2008-04-19,6,1554683200 ,1,3,4,6,14,41,12
282,2008-04-26,7,1322052643 ,2,5,10,18,31,32,30
283,2008-05-03,3,3137224600 ,6,8,18,31,38,45,42
284,2008-05-10,3,3117640300 ,2,7,15,24,30,45,28
285,2008-05-17,3,3164370100 ,13,33,37,40,41,45,2
286,2008-05-24,3,3236566300 ,1,15,19,40,42,44,17
287,2008-05-31,7,1328657100 ,6,12,24,27,35,37,41
288,2008-06-07,4,2357261550 ,1,12,17,28,35,41,10
289,2008-06-14,0,0 ,3,14,33,37,38,42,10
290,2008-06-21,13,2149214424 ,8,13,18,32,39,45,7
291,2008-06-28,7,1450585200 ,3,7,8,18,20,42,45
292,2008-07-05,14,720373950 ,17,18,31,32,33,34,10
293,2008-07-12,6,1656764400 ,1,9,17,21,29,33,24
294,2008-07-19,4,2406504975 ,6,10,17,30,37,38,40
295,2008-07-26,0,0 ,1,4,12,16,18,38,8
296,2008-08-02,8,3066088275 ,3,8,15,27,30,45,44
297,2008-08-09,2,5056668750 ,6,11,19,20,28,32,34
298,2008-08-16,1,9909778500 ,5,9,27,29,37,40,19
299,2008-08-23,7,1483772529 ,1,3,20,25,36,45,24
300,2008-08-30,12,836092425 ,7,9,10,12,26,38,39
301,2008-09-06,7,1447385015 ,7,11,13,33,37,43,26
302,2008-09-13,2,5472167250 ,13,19,20,32,38,42,4
303,2008-09-20,6,1672749000 ,2,14,17,30,38,45,43
304,2008-09-27,6,1661646150 ,4,10,16,26,33,41,38
305,2008-10-04,5,2008210140 ,7,8,18,21,23,39,9
306,2008-10-11,5,2102669520 ,4,18,23,30,34,41,19
307,2008-10-18,4,2587643250 ,5,15,21,23,25,45,12
308,2008-10-25,1,10232872800 ,14,15,17,19,37,45,40
309,2008-11-01,11,901622946 ,1,2,5,11,18,36,22
310,2008-11-08,8,1296713325 ,1,5,19,28,34,41,16
311,2008-11-15,8,1237691063 ,4,12,24,27,28,32,10
312,2008-11-22,15,629017820 ,2,3,5,6,12,20,25
313,2008-11-29,6,1715422800 ,9,17,34,35,43,45,2
314,2008-12-06,6,1660512200 ,15,17,19,34,38,41,2
315,2008-12-13,8,1308728625 ,1,13,33,35,43,45,23
316,2008-12-20,6,1673586400 ,10,11,21,27,31,39,43
317,2008-12-27,4,2576258550 ,3,10,11,22,36,39,8
318,2009-01-03,9,1207436600 ,2,17,19,20,34,45,21
319,2009-01-10,5,2135659380 ,5,8,22,28,33,42,37
320,2009-01-17,2,5513067900 ,16,19,23,25,41,45,3
321,2009-01-24,6,1959136100 ,12,18,20,21,25,34,42
322,2009-01-31,6,1904544700 ,9,18,29,32,38,43,20
323,2009-02-07,8,1461025388 ,10,14,15,32,36,42,3
324,2009-02-14,6,1865130350 ,2,4,21,25,33,36,17
325,2009-02-21,6,1806122450 ,7,17,20,32,44,45,33
326,2009-02-28,6,1832134550 ,16,23,25,33,36,39,40
327,2009-03-07,12,882674750 ,6,12,13,17,32,44,24
328,2009-03-14,6,1819795900 ,1,6,9,16,17,28,24
329,2009-03-21,6,1830391200 ,9,17,19,30,35,42,4
330,2009-03-28,9,1162280200 ,3,4,16,17,19,20,23
331,2009-04-04,5,2165902620 ,4,9,14,26,31,44,39
332,2009-04-11,8,1359448388 ,16,17,34,36,42,45,3
333,2009-04-18,7,1550987143 ,5,14,27,30,39,43,35
334,2009-04-25,7,1523002972 ,13,15,21,29,39,43,33
335,2009-05-02,5,2037492480 ,5,9,16,23,26,45,21
336,2009-05-09,6,1685632650 ,3,5,20,34,35,44,16
337,2009-05-16,8,1257500513 ,1,5,14,18,32,37,4
338,2009-05-23,3,3383431000 ,2,13,34,38,42,45,16
339,2009-05-30,9,1096778334 ,6,8,14,21,30,37,45
340,2009-06-06,7,1439393186 ,18,24,26,29,34,38,32
341,2009-06-13,7,1497207772 ,1,8,19,34,39,43,41
342,2009-06-20,3,3454095800 ,1,13,14,33,34,43,25
343,2009-06-27,6,1717153000 ,1,10,17,29,31,43,15
344,2009-07-04,7,1467106543 ,1,2,15,28,34,45,38
345,2009-07-11,2,5203577550 ,15,20,23,29,39,42,2
346,2009-07-18,5,2017727340 ,5,13,14,22,44,45,33
347,2009-07-25,7,1456624286 ,3,8,13,27,32,42,10
348,2009-08-01,3,3299994000 ,3,14,17,20,24,31,34
349,2009-08-08,3,3353209000 ,5,13,14,20,24,25,36
350,2009-08-15,9,1101052467 ,1,8,18,24,29,33,35
351,2009-08-22,4,2583357150 ,5,25,27,29,34,36,33
352,2009-08-29,6,1732858250 ,5,16,17,20,26,41,24
353,2009-09-05,2,5290838250 ,11,16,19,22,29,36,26
354,2009-09-12,5,2124464340 ,14,19,36,43,44,45,1
355,2009-09-19,5,2145424800 ,5,8,29,30,35,44,38
356,2009-09-26,9,1157185267 ,2,8,14,25,29,45,24
357,2009-10-03,2,5313394350 ,10,14,18,21,36,37,5
358,2009-10-10,3,3472654900 ,1,9,10,12,21,40,37
359,2009-10-17,8,1286712600 ,1,10,19,20,24,40,23
360,2009-10-24,3,3566716200 ,4,16,23,25,35,40,27
361,2009-10-31,7,1473115115 ,5,10,16,24,27,35,33
362,2009-11-07,6,1729424650 ,2,3,22,27,30,40,29
363,2009-11-14,4,2615910600 ,11,12,14,21,32,38,6
364,2009-11-21,4,2531914800 ,2,5,7,14,16,40,4
365,2009-11-28,1,10697716800 ,5,15,21,25,26,30,31
366,2009-12-05,2,5351553900 ,5,12,19,26,27,44,38
367,2009-12-12,7,1581736586 ,3,22,25,29,32,44,19
368,2009-12-19,7,1465825115 ,11,21,24,30,39,45,26
369,2009-12-26,6,1842177750 ,17,20,35,36,41,43,21
370,2010-01-02,7,1678941943 ,16,18,24,42,44,45,17
371,2010-01-09,7,1524130543 ,7,9,15,26,27,42,18
372,2010-01-16,9,1192593200 ,8,11,14,16,18,21,13
373,2010-01-23,4,2791801125 ,15,26,37,42,43,45,9
374,2010-01-30,2,5528717850 ,11,13,15,17,25,34,26
375,2010-02-06,7,1581284058 ,4,8,19,25,27,45,7
376,2010-02-13,6,1956915800 ,1,11,13,24,28,40,7
377,2010-02-20,3,3912085400 ,6,22,29,37,43,45,23
378,2010-02-27,5,2317698240 ,5,22,29,31,34,39,43
379,2010-03-06,7,1598999786 ,6,10,22,31,35,40,19
380,2010-03-13,4,2684274825 ,1,2,8,17,26,37,27
381,2010-03-20,19,565738895 ,1,5,10,12,16,20,11
382,2010-03-27,6,1846674900 ,10,15,22,24,27,42,19
383,2010-04-03,3,3596522100 ,4,15,28,33,37,40,25
384,2010-04-10,3,3658734200 ,11,22,24,32,36,38,7
385,2010-04-17,7,1542032700 ,7,12,19,21,29,32,9
386,2010-04-24,10,1042953330 ,4,7,10,19,31,40,26
387,2010-05-01,4,2675533500 ,1,26,31,34,40,43,20
388,2010-05-08,4,2545543875 ,1,8,9,17,29,32,45
389,2010-05-15,5,2119027020 ,7,16,18,20,23,26,3
390,2010-05-22,1,10373997900 ,16,17,28,37,39,40,15
391,2010-05-29,1,10508749800 ,10,11,18,22,28,39,30
392,2010-06-05,6,1713528700 ,1,3,7,8,24,42,43
393,2010-06-12,8,1362003975 ,9,16,28,40,41,43,21
394,2010-06-19,1,10654349100 ,1,13,20,22,25,28,15
395,2010-06-26,7,1534635000 ,11,15,20,26,31,35,7
396,2010-07-03,2,5296622400 ,18,20,31,34,40,45,30
397,2010-07-10,3,3499519700 ,12,13,17,22,25,33,8
398,2010-07-17,4,2680625550 ,10,15,20,23,42,44,7
399,2010-07-24,8,1276854975 ,1,2,9,17,19,42,20
400,2010-07-31,4,2669834325 ,9,21,27,34,41,43,2
401,2010-08-07,9,1168214792 ,6,12,18,31,38,43,9
402,2010-08-14,4,2662206188 ,5,9,15,19,22,36,32
403,2010-08-21,5,2122396875 ,10,14,22,24,28,37,26
404,2010-08-28,3,3566659375 ,5,20,21,24,33,40,36
405,2010-09-04,3,3543878000 ,1,2,10,25,26,44,4
406,2010-09-11,5,2156142450 ,7,12,21,24,27,36,45
407,2010-09-18,7,1649707286 ,6,7,13,16,24,25,1
408,2010-09-25,5,2235375825 ,9,20,21,22,30,37,16
409,2010-10-02,4,2896989750 ,6,9,21,31,32,40,38
410,2010-10-09,9,1249335709 ,1,3,18,32,40,41,16
411,2010-10-16,12,953227563 ,11,14,22,35,37,39,5
412,2010-10-23,7,1656199822 ,4,7,39,41,42,45,40
413,2010-10-30,4,2814673500 ,2,9,15,23,34,40,3
414,2010-11-06,1,11703832500 ,2,14,15,22,23,44,43
415,2010-11-13,8,1334182407 ,7,17,20,26,30,40,24
416,2010-11-20,10,1072037100 ,5,6,8,11,22,26,44
417,2010-11-27,4,2818329938 ,4,5,14,20,22,43,44
418,2010-12-04,8,1435649766 ,11,13,15,26,28,34,31
419,2010-12-11,3,3796490750 ,2,11,13,14,28,30,7
420,2010-12-18,8,1424856375 ,4,9,10,29,31,34,27
421,2010-12-25,5,2321144325 ,6,11,26,27,28,44,30
422,2011-01-01,6,2205251375 ,8,15,19,21,34,44,12
423,2011-01-08,3,3896153875 ,1,17,27,28,29,40,5
424,2011-01-15,10,1109480813 ,10,11,26,31,34,44,30
425,2011-01-22,8,1534833000 ,8,10,14,27,33,38,3
426,2011-01-29,4,3057233625 ,4,17,18,27,39,43,19
427,2011-02-05,1,12571445625 ,6,7,15,24,28,30,21
428,2011-02-12,9,1437683209 ,12,16,19,22,37,40,8
429,2011-02-19,9,1485904709 ,3,23,28,34,39,42,16
430,2011-02-26,8,1611763219 ,1,3,16,18,30,34,44
431,2011-03-05,10,1268434013 ,18,22,25,31,38,45,6
432,2011-03-12,5,2299427550 ,2,3,5,11,27,39,33
433,2011-03-19,11,1182294410 ,19,23,29,33,35,43,27
434,2011-03-26,8,1480060266 ,3,13,20,24,33,37,35
435,2011-04-02,10,1287550013 ,8,16,26,30,38,45,42
436,2011-04-09,8,1512266579 ,9,14,20,22,33,34,28
437,2011-04-16,6,2096245438 ,11,16,29,38,41,44,21
438,2011-04-23,9,1377142167 ,6,12,20,26,29,38,45
439,2011-04-30,6,1900077375 ,17,20,30,31,37,40,25
440,2011-05-07,6,1995873000 ,10,22,28,34,36,44,2
441,2011-05-14,4,3170417063 ,1,23,28,30,34,35,9
442,2011-05-21,9,1413413042 ,25,27,29,36,38,40,41
443,2011-05-28,9,1327597584 ,4,6,10,19,20,44,14
444,2011-06-04,3,4154188625 ,11,13,23,35,43,45,17
445,2011-06-11,7,1791683036 ,13,20,21,30,39,45,32
446,2011-06-18,3,4051247625 ,1,11,12,14,26,35,6
447,2011-06-25,4,2657941125 ,2,7,8,9,17,33,34
448,2011-07-02,3,4026212750 ,3,7,13,27,40,41,36
449,2011-07-09,3,4059715250 ,3,10,20,26,35,43,36
450,2011-07-16,6,1990391625 ,6,14,19,21,23,31,13
451,2011-07-23,13,882138952 ,12,15,20,24,30,38,29
452,2011-07-30,9,1276902000 ,8,10,18,30,32,34,27
453,2011-08-06,5,2262732375 ,12,24,33,38,40,42,30
454,2011-08-13,7,1609125590 ,13,25,27,34,38,41,10
455,2011-08-20,7,1635711483 ,4,19,20,26,30,35,24
456,2011-08-27,7,1598505054 ,1,7,12,18,23,27,44
457,2011-09-03,10,1159902825 ,8,10,18,23,27,40,33
458,2011-09-10,8,1608812625 ,4,9,10,32,36,40,18
459,2011-09-17,7,1655842233 ,4,6,10,14,25,40,12
460,2011-09-24,4,3180895782 ,8,11,28,30,43,45,41
461,2011-10-01,6,1948674875 ,11,18,26,31,37,40,43
462,2011-10-08,8,1483559297 ,3,20,24,32,37,45,4
463,2011-10-15,0,0 ,23,29,31,33,34,44,40
464,2011-10-22,13,3355721106 ,6,12,15,34,42,44,4
465,2011-10-29,7,1923662893 ,1,8,11,13,22,38,31
466,2011-11-05,9,1530313459 ,4,10,13,23,32,44,20
467,2011-11-12,9,1435441084 ,2,12,14,17,24,40,39
468,2011-11-19,9,1527197167 ,8,13,15,28,37,43,17
469,2011-11-26,4,3330131250 ,4,21,22,34,37,38,33
470,2011-12-03,3,4333330625 ,10,16,20,39,41,42,27
471,2011-12-10,7,1939332858 ,6,13,29,37,39,41,43
472,2011-12-17,7,1809656090 ,16,25,26,31,36,43,44
473,2011-12-24,4,3250418063 ,8,13,20,22,23,36,34
474,2011-12-31,15,936690800 ,4,13,18,31,33,45,43
475,2012-01-07,8,1693923047 ,1,9,14,16,21,29,3
476,2012-01-14,4,3439851469 ,9,12,13,15,37,38,27
477,2012-01-21,8,1919011829 ,14,25,29,32,33,45,37
478,2012-01-28,14,987224759 ,18,29,30,37,39,43,8
479,2012-02-04,6,2233046500 ,8,23,25,27,35,44,24
480,2012-02-11,4,2996742282 ,3,5,10,17,30,31,16
481,2012-02-18,3,4639355750 ,3,4,23,29,40,41,20
482,2012-02-25,7,1897921179 ,1,10,16,24,25,35,43
483,2012-03-03,5,2567196675 ,12,15,19,22,28,34,5
484,2012-03-10,6,2305303063 ,1,3,27,28,32,45,11
485,2012-03-17,9,1501474917 ,17,22,26,27,36,39,20
486,2012-03-24,13,1008634125 ,1,2,23,25,38,40,43
487,2012-03-31,8,1638830766 ,4,8,25,27,37,41,21
488,2012-04-07,10,1330393575 ,2,8,17,30,31,38,25
489,2012-04-14,6,2106360625 ,2,4,8,15,20,27,11
490,2012-04-21,7,1860234161 ,2,7,26,29,40,43,42
491,2012-04-28,4,3304634438 ,8,17,35,36,39,42,4
492,2012-05-05,5,2493013800 ,22,27,31,35,37,40,42
493,2012-05-12,9,1451120334 ,20,22,26,33,36,37,25
494,2012-05-19,12,1054588407 ,5,7,8,15,30,43,22
495,2012-05-26,6,2111645000 ,4,13,22,27,34,44,6
496,2012-06-02,4,3285932250 ,4,13,20,29,36,41,39
497,2012-06-09,6,2222817813 ,19,20,23,24,43,44,13
498,2012-06-16,4,3244503094 ,13,14,24,32,39,41,3
499,2012-06-23,3,4070480250 ,5,20,23,27,35,40,43
500,2012-06-30,9,1351072375 ,3,4,12,20,24,34,41
501,2012-07-07,4,3025200094 ,1,4,10,17,31,42,2
502,2012-07-14,6,2201458125 ,6,22,28,32,34,40,26
503,2012-07-21,7,1853634911 ,1,5,27,30,34,36,40
504,2012-07-28,9,1443236959 ,6,14,22,26,43,44,31
505,2012-08-04,6,1917955188 ,7,20,22,25,38,40,44
506,2012-08-11,3,4073333875 ,6,9,11,22,24,30,31
507,2012-08-18,9,1416438875 ,12,13,32,33,40,41,4
508,2012-08-25,8,1599557860 ,5,27,31,34,35,43,37
509,2012-09-01,5,2689076100 ,12,25,29,35,42,43,24
510,2012-09-08,5,2644158150 ,12,29,32,33,39,40,42
511,2012-09-15,6,2165579250 ,3,7,14,23,26,42,24
512,2012-09-22,13,940094452 ,4,5,9,13,26,27,1
513,2012-09-29,3,4589624750 ,5,8,21,23,27,33,12
514,2012-10-06,3,4451055500 ,1,15,20,26,35,42,9
515,2012-10-13,1,13200466875 ,2,11,12,15,23,37,8
516,2012-10-20,11,1294190182 ,2,8,23,41,43,44,30
517,2012-10-27,5,2659057725 ,1,9,12,28,36,41,10
518,2012-11-03,6,2263804125 ,14,23,30,32,34,38,6
519,2012-11-10,7,1950601393 ,6,8,13,16,30,43,3
520,2012-11-17,6,2167205438 ,4,22,27,28,38,40,1
521,2012-11-24,8,1693420922 ,3,7,18,29,32,36,19
522,2012-12-01,6,2281623000 ,4,5,13,14,37,41,11
523,2012-12-08,7,1780355840 ,1,4,37,38,40,45,7
524,2012-12-15,4,3491695594 ,10,11,29,38,41,45,21
525,2012-12-22,9,1501132375 ,11,23,26,29,39,44,22
526,2012-12-29,9,1491031959 ,7,14,17,20,35,39,31
527,2013-01-05,13,1032386366 ,1,12,22,32,33,42,38
528,2013-01-12,11,1197889125 ,5,17,25,31,39,40,10
529,2013-01-19,8,1749114797 ,18,20,24,27,31,42,39
530,2013-01-26,11,1231656239 ,16,23,27,29,33,41,22
531,2013-02-02,9,1521519750 ,1,5,9,21,27,35,45
532,2013-02-09,7,2216896286 ,16,17,23,24,29,44,3
533,2013-02-16,8,1785671579 ,9,14,15,17,31,33,23
534,2013-02-23,1,14215763250 ,10,24,26,29,37,38,32
535,2013-03-02,3,4935603000 ,11,12,14,15,18,39,34
536,2013-03-09,11,1308523603 ,7,8,18,32,37,43,12
537,2013-03-16,7,2104038911 ,12,23,26,30,36,43,11
538,2013-03-23,3,4688021625 ,6,10,18,31,32,34,11
539,2013-03-30,9,1621036667 ,3,19,22,31,42,43,26
540,2013-04-06,7,1989365250 ,3,12,13,15,34,36,14
541,2013-04-13,11,1269327171 ,8,13,26,28,32,34,43
542,2013-04-20,6,2335152563 ,5,6,19,26,41,45,34
543,2013-04-27,12,1112934844 ,13,18,26,31,34,44,12
544,2013-05-04,13,1046388433 ,5,17,21,25,36,44,10
545,2013-05-11,11,1198994353 ,4,24,25,27,34,35,2
546,2013-05-18,30,405939950 ,8,17,20,27,37,43,6
547,2013-05-25,5,2838444450 ,6,7,15,22,34,39,28
548,2013-06-01,8,1736871891 ,1,12,13,21,32,45,14
549,2013-06-08,8,1760805047 ,29,31,35,38,40,44,17
550,2013-06-15,11,1118679205 ,1,7,14,20,34,37,41
551,2013-06-22,1,13526973750 ,3,6,20,24,27,44,25
552,2013-06-29,10,1330824225 ,1,10,20,32,35,40,43
553,2013-07-06,6,2249631438 ,2,7,17,28,29,39,37
554,2013-07-13,2,6813893625 ,13,14,17,32,41,42,6
555,2013-07-20,8,1711027360 ,11,17,21,24,26,36,12
556,2013-07-27,7,2005209161 ,12,20,23,28,30,44,43
557,2013-08-03,7,1888069286 ,4,20,26,28,35,40,31
558,2013-08-10,10,1315913663 ,12,15,19,26,40,43,29
559,2013-08-17,7,1926145608 ,11,12,25,32,44,45,23
560,2013-08-24,7,1976697215 ,1,4,20,23,29,45,28
561,2013-08-31,5,2753712225 ,5,7,18,37,42,45,20
562,2013-09-07,11,1166694614 ,4,11,13,17,20,31,33
563,2013-09-14,7,1932735643 ,5,10,16,17,31,32,21
564,2013-09-21,7,1934801143 ,14,19,25,26,27,34,2
565,2013-09-28,8,1742064469 ,4,10,18,27,40,45,38
566,2013-10-05,4,3508951032 ,4,5,6,25,26,43,41
567,2013-10-12,6,2318659438 ,1,10,15,16,32,41,28
568,2013-10-19,10,1305167550 ,1,3,17,20,31,44,40
569,2013-10-26,4,3467925188 ,3,6,13,23,24,35,1
570,2013-11-02,9,1527791625 ,1,12,26,27,29,33,42
571,2013-11-09,7,1966538465 ,11,18,21,26,38,43,29
572,2013-11-16,8,1668216188 ,3,13,18,33,37,45,1
573,2013-11-23,8,1645691766 ,2,4,20,34,35,43,14
574,2013-11-30,2,6965184938 ,14,15,16,19,25,43,2
575,2013-12-07,8,1699267875 ,2,8,20,30,33,34,6
576,2013-12-14,3,4321966000 ,10,11,15,25,35,41,13
577,2013-12-21,3,4484438375 ,16,17,22,31,34,37,33
578,2013-12-28,5,2796466575 ,5,12,14,32,34,42,16
579,2014-01-04,11,1396068444 ,5,7,20,22,37,42,39
580,2014-01-11,7,2028610500 ,5,7,9,11,32,35,33
581,2014-01-18,8,1844554547 ,3,5,14,20,42,44,33
582,2014-01-25,4,3560558719 ,2,12,14,33,40,41,25
583,2014-02-01,11,1341848353 ,8,17,27,33,40,44,24
584,2014-02-08,3,5033183250 ,7,18,30,39,40,41,36
585,2014-02-15,9,1620546334 ,6,7,10,16,38,41,4
586,2014-02-22,8,1778354344 ,2,7,12,15,21,34,5
587,2014-03-01,3,4974577375 ,14,21,29,31,32,37,17
588,2014-03-08,5,2889342075 ,2,8,15,22,25,41,30
589,2014-03-15,7,2136877983 ,6,8,28,33,38,39,22
590,2014-03-22,7,2185183983 ,20,30,36,38,41,45,23
591,2014-03-29,5,2964676200 ,8,13,14,30,38,39,5
592,2014-04-05,6,2356381688 ,2,5,6,13,28,44,43
593,2014-04-12,9,1532833500 ,9,10,13,24,33,38,28
594,2014-04-19,11,1255592796 ,2,8,13,25,28,37,3
595,2014-04-26,8,1744525219 ,8,24,28,35,38,40,5
596,2014-05-03,10,1328267663 ,3,4,12,14,25,43,17
597,2014-05-10,13,1057920606 ,8,10,23,24,35,43,37
598,2014-05-17,16,833998594 ,4,12,24,33,38,45,22
599,2014-05-24,8,1710918329 ,5,12,17,29,34,35,27
600,2014-05-31,15,901798725 ,5,11,14,27,29,36,44
601,2014-06-07,9,1524565209 ,2,16,19,31,34,35,37
602,2014-06-14,8,1689530860 ,13,14,22,27,30,38,2
603,2014-06-21,4,3452136563 ,2,19,25,26,27,43,28
604,2014-06-28,11,1229141557 ,2,6,18,21,33,34,30
605,2014-07-05,9,1394232250 ,1,2,7,9,10,38,42
606,2014-07-12,10,1311566850 ,1,5,6,14,20,39,22
607,2014-07-19,4,3494480907 ,8,14,23,36,38,39,13
608,2014-07-26,7,1943530018 ,4,8,18,19,39,44,41
609,2014-08-02,2,6339311438 ,4,8,27,34,39,40,13
610,2014-08-09,4,3516018375 ,14,18,20,23,28,36,33
611,2014-08-16,4,3502706157 ,2,22,27,33,36,37,14
612,2014-08-23,11,1181705250 ,6,9,18,19,25,33,40
613,2014-08-30,9,1549831209 ,7,8,11,16,41,44,35
614,2014-09-06,6,2540975438 ,8,21,25,39,40,44,18
615,2014-09-13,9,1535062417 ,10,17,18,19,23,27,35
616,2014-09-20,9,1611811250 ,5,13,18,23,40,45,3
617,2014-09-27,8,1629701860 ,4,5,11,12,24,27,28
618,2014-10-04,5,2881326225 ,8,16,25,30,42,43,15
619,2014-10-11,3,4612479375 ,6,8,13,30,35,40,21
620,2014-10-18,7,2028283233 ,2,16,17,32,39,45,40
621,2014-10-25,6,2359723500 ,1,2,6,16,19,42,9
622,2014-11-01,9,1630598292 ,9,15,16,21,28,34,24
623,2014-11-08,8,1813702594 ,7,13,30,39,41,45,25
624,2014-11-15,5,2763729450 ,1,7,19,26,27,35,16
625,2014-11-22,5,2765184675 ,3,6,7,20,21,39,13
626,2014-11-29,8,1717871110 ,13,14,26,33,40,43,15
627,2014-12-06,10,1352230650 ,2,9,22,25,31,45,12
628,2014-12-13,9,1499942875 ,1,7,12,15,23,42,11
629,2014-12-20,5,2919433575 ,19,28,31,38,43,44,1
630,2014-12-27,3,4836305500 ,8,17,21,24,27,31,15
631,2015-01-03,4,3919853532 ,1,2,4,23,31,34,8
632,2015-01-10,11,1432587716 ,15,18,21,32,35,44,6
633,2015-01-17,12,1217257094 ,9,12,19,20,39,41,13
634,2015-01-24,13,1077935106 ,4,10,11,12,20,27,38
635,2015-01-31,8,1855587235 ,11,13,25,26,29,33,32
636,2015-02-07,8,1832362219 ,6,7,15,16,20,31,26
637,2015-02-14,4,3899241094 ,3,16,22,37,38,44,23
638,2015-02-21,7,2229403179 ,7,18,22,24,31,34,6
639,2015-02-28,4,4061185219 ,6,15,22,23,25,32,40
640,2015-03-07,9,1728768834 ,14,15,18,21,26,35,23
641,2015-03-14,8,1990074563 ,11,18,21,36,37,43,12
642,2015-03-21,12,1251460438 ,8,17,18,24,39,45,32
643,2015-03-28,6,2535763625 ,15,24,31,32,33,40,13
644,2015-04-04,8,1831451204 ,5,13,17,23,28,36,8
645,2015-04-11,4,3696297750 ,1,4,16,26,40,41,31
646,2015-04-18,7,2215498393 ,2,9,24,41,43,45,30
647,2015-04-25,7,2189725608 ,5,16,21,23,24,30,29
648,2015-05-02,7,2120987947 ,13,19,28,37,38,43,4
649,2015-05-09,5,2948042100 ,3,21,22,33,41,42,20
650,2015-05-16,5,2849298900 ,3,4,7,11,31,41,35
651,2015-05-23,8,1855306454 ,11,12,16,26,29,44,18
652,2015-05-30,5,3003483525 ,3,13,15,40,41,44,20
653,2015-06-06,14,980958670 ,5,6,26,27,38,39,1
654,2015-06-13,8,1879301391 ,16,21,26,31,36,43,6
655,2015-06-20,9,1661439625 ,7,37,38,39,40,44,18
656,2015-06-27,2,7330002750 ,3,7,14,16,31,40,39
657,2015-07-04,9,1694762792 ,10,14,19,39,40,43,23
658,2015-07-11,9,1634031375 ,8,19,25,28,32,36,37
659,2015-07-18,11,1336604216 ,7,18,19,27,29,42,45
660,2015-07-25,10,1421272575 ,4,9,23,33,39,44,14
661,2015-08-01,8,1713025547 ,2,3,12,20,27,38,40
662,2015-08-08,8,1689733688 ,5,6,9,11,15,37,26
663,2015-08-15,7,2080244143 ,3,5,8,19,38,42,20
664,2015-08-22,10,1536801338 ,10,20,33,36,41,44,5
665,2015-08-29,4,3643230375 ,5,6,11,17,38,44,13
666,2015-09-05,6,2396901063 ,2,4,6,11,17,28,16
667,2015-09-12,7,2228764393 ,15,17,25,37,42,43,13
668,2015-09-19,5,2991158625 ,12,14,15,24,27,32,3
669,2015-09-26,6,2708173188 ,7,8,20,29,33,38,9
670,2015-10-03,12,1191725219 ,11,18,26,27,40,41,25
671,2015-10-10,4,3722322844 ,7,9,10,13,31,35,24
672,2015-10-17,9,1754745000 ,8,21,28,31,36,45,43
673,2015-10-24,10,1491453300 ,7,10,17,29,33,44,5
674,2015-10-31,8,1770565500 ,9,10,14,25,27,31,11
675,2015-11-07,4,3514549032 ,1,8,11,15,18,45,7
676,2015-11-14,8,1879726500 ,1,8,17,34,39,45,27
677,2015-11-21,8,1921114407 ,12,15,24,36,41,44,42
678,2015-11-28,6,2288490188 ,4,5,6,12,25,37,45
679,2015-12-05,5,2863005600 ,3,5,7,14,26,34,35
680,2015-12-12,14,1110570563 ,4,10,19,29,32,42,30
681,2015-12-19,6,2696328938 ,21,24,27,29,43,44,7
682,2015-12-26,4,4063713563 ,17,23,27,35,38,43,2
683,2016-01-02,16,1010930883 ,6,13,20,27,28,40,15
684,2016-01-09,9,1688815709 ,1,11,15,17,25,39,40
685,2016-01-16,11,1494367671 ,6,7,12,28,38,40,18
686,2016-01-23,8,1937531719 ,7,12,15,24,25,43,13
687,2016-01-30,6,2720029313 ,1,8,10,13,28,42,45
688,2016-02-06,9,1967536750 ,5,15,22,23,34,35,2
689,2016-02-13,7,2321775911 ,7,17,19,30,36,38,34
690,2016-02-20,15,1126507625 ,24,25,33,34,38,39,43
691,2016-02-27,6,2839296750 ,15,27,33,35,43,45,16
692,2016-03-05,7,2301273697 ,3,11,14,15,32,36,44
693,2016-03-12,10,1642763813 ,1,6,11,28,34,42,30
694,2016-03-19,10,1555036388 ,7,15,20,25,33,43,12
695,2016-03-26,11,1450214830 ,4,18,26,33,34,38,14
696,2016-04-02,10,1632054413 ,1,7,16,18,34,38,21
697,2016-04-09,10,1531443038 ,2,5,8,11,33,39,31
698,2016-04-16,8,1921084125 ,3,11,13,21,33,37,18
699,2016-04-23,8,1995411375 ,4,5,8,16,21,29,3
700,2016-04-30,8,2082099188 ,11,23,28,29,30,44,13
701,2016-05-07,10,1583183175 ,3,10,14,16,36,38,35
702,2016-05-14,11,1465091387 ,3,13,16,24,26,29,9
703,2016-05-21,5,3235784100 ,10,28,31,33,41,44,21
704,2016-05-28,4,3865190344 ,1,4,8,23,33,42,45
705,2016-06-04,4,3987206532 ,1,6,17,22,28,45,23
706,2016-06-11,4,3831746063 ,3,4,6,10,28,30,37
707,2016-06-18,12,1322167313 ,2,12,19,24,39,44,35
708,2016-06-25,4,4099552219 ,2,10,16,19,34,45,1
709,2016-07-02,14,1165271625 ,10,18,30,36,39,44,32
710,2016-07-09,5,2895441150 ,3,4,9,24,25,33,10
711,2016-07-16,7,2277413358 ,11,15,24,35,37,45,42
712,2016-07-23,4,4034485125 ,17,20,30,31,33,45,19
713,2016-07-30,9,1714720917 ,2,5,15,18,19,23,44
714,2016-08-06,7,2085131733 ,1,7,22,33,37,40,20
715,2016-08-13,6,2605510438 ,2,7,27,33,41,44,10
716,2016-08-20,12,1358752157 ,2,6,13,16,29,30,21
717,2016-08-27,6,2702433688 ,2,11,19,25,28,32,44
718,2016-09-03,17,926166464 ,4,11,20,23,32,39,40
719,2016-09-10,9,1879581334 ,4,8,13,19,20,43,26
720,2016-09-17,14,1233770358 ,1,12,29,34,36,37,41
721,2016-09-24,8,2273767360 ,1,28,35,41,43,44,31
722,2016-10-01,4,4365422719 ,12,14,21,30,39,43,45
723,2016-10-08,8,2114365360 ,20,30,33,35,36,44,22
724,2016-10-15,12,1427789813 ,2,8,33,35,37,41,14
725,2016-10-22,11,1579217250 ,6,7,19,21,41,43,38
726,2016-10-29,14,1166872634 ,1,11,21,23,34,44,24
727,2016-11-05,14,1115107742 ,7,8,10,19,21,31,20
728,2016-11-12,5,3243464400 ,3,6,10,30,34,37,36
729,2016-11-19,4,4198250719 ,11,17,21,26,36,45,16
730,2016-11-26,8,2017382110 ,4,10,14,15,18,22,39
731,2016-12-03,7,2340471054 ,2,7,13,25,42,45,39
732,2016-12-10,7,2203270608 ,2,4,5,17,27,32,43
733,2016-12-17,4,4016725125 ,11,24,32,33,35,40,13
734,2016-12-24,9,1949395500 ,6,16,37,38,41,45,18
735,2016-12-31,10,1847231588 ,5,10,13,27,37,41,4
736,2017-01-07,5,3397362225 ,2,11,17,18,21,27,6
737,2017-01-14,4,4283061000 ,13,15,18,24,27,41,11
738,2017-01-21,11,1634191091 ,23,27,28,38,42,43,36
739,2017-01-28,4,4744122282 ,7,22,29,33,34,35,30
740,2017-02-04,18,936929792 ,4,8,9,16,17,19,31
741,2017-02-11,6,3043595938 ,5,21,27,34,44,45,16
742,2017-02-18,16,1111814813 ,8,10,13,36,37,40,6
743,2017-02-25,7,2608641000 ,15,19,21,34,41,44,10
744,2017-03-04,15,1155411575 ,10,15,18,21,34,41,43
745,2017-03-11,20,746822982 ,1,2,3,9,12,23,10
746,2017-03-18,9,2038623709 ,3,12,33,36,42,45,25
747,2017-03-25,9,1903214584 ,7,9,12,14,23,28,17
748,2017-04-01,9,1928246542 ,3,10,13,22,31,32,29
749,2017-04-08,13,1350104395 ,12,14,24,26,34,45,41
750,2017-04-15,7,2522104286 ,1,2,15,19,24,36,12
751,2017-04-22,8,2097968110 ,3,4,16,20,28,44,17
752,2017-04-29,9,1870358834 ,4,16,20,33,40,43,7
753,2017-05-06,6,2711105063 ,2,17,19,24,37,41,3
754,2017-05-13,5,3427542000 ,2,8,17,24,29,31,32
755,2017-05-20,8,2214427266 ,13,14,26,28,30,36,37
756,2017-05-27,5,3414434700 ,10,14,16,18,27,28,4
757,2017-06-03,21,739839858 ,6,7,11,17,33,44,1
758,2017-06-10,8,2078969954 ,5,9,12,30,39,43,24
759,2017-06-17,6,3032670500 ,9,33,36,40,42,43,32
760,2017-06-24,8,2253299391 ,10,22,27,31,42,43,12
761,2017-07-01,7,2392730518 ,4,7,11,24,42,45,30
762,2017-07-08,10,1631432063 ,1,3,12,21,26,41,16
763,2017-07-15,8,2138130000 ,3,8,16,32,34,43,10
764,2017-07-22,7,2459975465 ,7,22,24,31,34,36,15
765,2017-07-29,15,1109214250 ,1,3,8,12,42,43,33
766,2017-08-05,8,2173637297 ,9,30,34,35,39,41,21
767,2017-08-12,15,1163768725 ,5,15,20,31,34,42,22
768,2017-08-19,13,1363572260 ,7,27,29,30,38,44,4
769,2017-08-26,9,1930760042 ,5,7,11,16,41,45,4
770,2017-09-02,8,2163099329 ,1,9,12,23,39,43,34
771,2017-09-09,4,4362644907 ,6,10,17,18,21,29,30
772,2017-09-16,10,1769608838 ,5,6,11,14,21,41,32
773,2017-09-23,11,1609403080 ,8,12,19,21,31,35,44
774,2017-09-30,11,1709721512 ,12,15,18,28,34,42,9
775,2017-10-07,5,3470437650 ,11,12,29,33,38,42,17
776,2017-10-14,7,2557579393 ,8,9,18,21,28,40,20
777,2017-10-21,21,833468036 ,6,12,17,21,34,37,18
778,2017-10-28,3,6264069500 ,6,21,35,36,37,41,11
779,2017-11-04,11,1527709296 ,6,12,19,24,34,41,4
780,2017-11-11,11,1667520137 ,15,17,19,21,27,45,16
781,2017-11-18,9,1882891542 ,11,16,18,19,24,39,43
782,2017-11-25,9,1946487625 ,6,18,31,34,38,45,20
783,2017-12-02,4,4603964625 ,14,15,16,17,38,45,36
784,2017-12-09,9,1908678000 ,3,10,23,24,31,39,22
785,2017-12-16,6,2886622688 ,4,6,15,25,26,33,40
786,2017-12-23,4,4551365250 ,12,15,16,20,24,30,38
787,2017-12-30,6,3092108313 ,5,6,13,16,27,28,9
788,2018-01-06,13,1401475154 ,2,10,11,19,35,39,29
789,2018-01-13,15,1140976825 ,2,6,7,12,19,45,38
790,2018-01-20,16,1160516274 ,3,8,19,27,30,41,12
791,2018-01-27,14,1253081893 ,2,10,12,31,33,42,32
792,2018-02-03,7,2655736768 ,2,7,19,25,29,36,16
793,2018-02-10,5,3750146775 ,10,15,21,35,38,43,31
794,2018-02-17,7,2650940304 ,6,7,18,19,30,38,13
795,2018-02-24,11,1714977000 ,3,10,13,26,34,38,36
796,2018-03-03,7,2763490340 ,1,21,26,36,40,41,5
797,2018-03-10,8,2397028125 ,5,22,31,32,39,45,36
798,2018-03-17,7,2710791911 ,2,10,14,22,32,36,41
799,2018-03-24,10,1826427225 ,12,17,23,34,42,45,33
800,2018-03-31,11,1632246205 ,1,4,10,12,28,45,26
801,2018-04-07,8,2256786657 ,17,25,28,37,43,44,2
802,2018-04-14,16,1082947993 ,10,11,12,18,24,42,27
803,2018-04-21,5,3663810225 ,5,9,14,26,30,43,2
804,2018-04-28,11,1631996523 ,1,10,13,26,32,36,9
805,2018-05-05,4,4266061969 ,3,12,13,18,31,32,42
806,2018-05-12,7,2640760875 ,14,20,23,31,37,38,27
807,2018-05-19,7,2437662322 ,6,10,18,25,34,35,33
808,2018-05-26,6,3087620500 ,15,21,31,32,41,43,24
809,2018-06-02,6,2921372750 ,6,11,15,17,23,40,39
810,2018-06-09,8,2231598047 ,5,10,13,21,39,43,11
811,2018-06-16,7,2524148197 ,8,11,19,21,36,45,25
812,2018-06-23,6,2947954750 ,1,3,12,14,16,43,10
813,2018-06-30,4,4591763157 ,11,30,34,35,42,44,27
814,2018-07-07,6,3067192063 ,2,21,28,38,42,45,30
815,2018-07-14,7,2579855358 ,17,21,25,26,27,36,4
816,2018-07-21,8,2128107938 ,12,18,19,29,31,39,7
817,2018-07-28,9,1868477334 ,3,9,12,13,25,43,34
818,2018-08-04,13,1380804318 ,14,15,25,28,29,30,3
819,2018-08-11,7,2594534840 ,16,25,33,38,40,45,15
820,2018-08-18,4,4627313532 ,10,21,22,30,35,42,6
821,2018-08-25,14,1316155956 ,1,12,13,24,29,44,16
822,2018-09-01,3,5930898625 ,9,18,20,24,27,36,12
823,2018-09-08,9,2009843917 ,12,18,24,26,39,40,15
824,2018-09-15,15,1256646550 ,7,9,24,29,34,38,26
825,2018-09-22,12,1658710563 ,8,15,21,31,33,38,42
826,2018-09-29,9,2075192084 ,13,16,24,25,33,36,42
827,2018-10-06,15,1206500375 ,5,11,12,29,33,44,14
828,2018-10-13,13,1455185972 ,4,7,13,29,31,39,18
829,2018-10-20,8,2444650641 ,4,5,31,35,43,45,29
830,2018-10-27,9,2060528750 ,5,6,16,18,37,38,17
831,2018-11-03,16,1110702258 ,3,10,16,19,31,39,9
832,2018-11-10,9,2088204584 ,13,14,19,26,40,43,30
833,2018-11-17,8,2356317282 ,12,18,30,39,41,42,19
834,2018-11-24,11,1690693671 ,6,8,18,35,42,43,3
835,2018-12-01,15,1233681125 ,9,10,13,28,38,45,35
836,2018-12-08,14,1257843670 ,1,9,11,14,26,28,19
837,2018-12-15,6,3144449125 ,2,25,28,30,33,45,6
838,2018-12-22,5,3813733050 ,9,14,17,33,36,38,20
839,2018-12-29,13,1359454904 ,3,9,11,12,13,19,35
840,2019-01-05,10,2042961788 ,2,4,11,28,29,43,27
841,2019-01-12,17,1116095714 ,5,11,14,30,33,38,24
842,2019-01-19,10,2035475025 ,14,26,32,36,39,42,38
843,2019-01-26,5,4012970100 ,19,21,30,33,34,42,4
844,2019-02-02,18,1162963542 ,7,8,13,15,33,45,18
845,2019-02-09,11,1891217182 ,1,16,29,33,40,45,6
846,2019-02-16,13,1596884395 ,5,18,30,41,43,45,13
847,2019-02-23,8,2520846657 ,12,16,26,28,30,42,22
848,2019-03-02,7,3011580858 ,1,2,16,22,38,39,34
849,2019-03-09,17,1158252883 ,5,13,17,29,34,39,3
850,2019-03-16,6,3377587875 ,16,20,24,28,36,39,5
851,2019-03-23,8,2483692313 ,14,18,22,26,31,44,40
852,2019-03-30,4,4801543407 ,11,17,28,30,33,35,9
853,2019-04-06,7,2885006786 ,2,8,23,26,27,44,13
854,2019-04-13,6,3421706750 ,20,25,31,32,36,43,3
855,2019-04-20,9,2269510500 ,8,15,17,19,43,44,7
856,2019-04-27,5,3977927550 ,10,24,40,41,43,44,17
857,2019-05-04,15,1284915425 ,6,10,16,28,34,38,43
858,2019-05-11,9,2202347459 ,9,13,32,38,39,43,23
859,2019-05-18,11,1853927489 ,8,22,35,38,39,41,24
860,2019-05-25,10,1879899825 ,4,8,18,25,27,32,42
861,2019-06-01,4,4872108844 ,11,17,19,21,22,25,24
862,2019-06-08,9,2190922709 ,10,34,38,40,42,43,32
863,2019-06-15,7,2853357322 ,16,21,28,35,39,43,12
864,2019-06-22,11,1716553637 ,3,7,10,13,25,36,32
865,2019-06-29,13,1551729145 ,3,15,22,32,33,45,2
866,2019-07-06,9,2240409000 ,9,15,29,34,37,39,12
867,2019-07-13,5,3933755250 ,14,17,19,22,24,40,41
868,2019-07-20,6,3233804250 ,12,17,28,41,43,44,25
869,2019-07-27,10,1922582588 ,2,6,20,27,37,39,4
870,2019-08-03,10,1928842988 ,21,25,30,32,40,42,31
871,2019-08-10,7,2718071358 ,2,6,12,26,30,34,38
872,2019-08-17,16,1262705579 ,2,4,30,32,33,43,29
873,2019-08-24,10,1874553225 ,3,5,12,13,33,39,38
874,2019-08-31,18,1117123917 ,1,15,19,23,28,42,32
875,2019-09-07,14,1415946724 ,19,22,30,34,39,44,36
876,2019-09-14,19,1090657856 ,5,16,21,26,34,42,24
877,2019-09-21,12,1716607188 ,5,17,18,22,23,43,12
878,2019-09-28,6,3207993500 ,2,6,11,16,25,31,3
879,2019-10-05,6,3206361313 ,1,4,10,14,15,35,20
880,2019-10-12,7,2837810465 ,7,17,19,23,24,45,38
881,2019-10-19,8,2503212282 ,4,18,20,26,27,32,9
882,2019-10-26,5,4127270400 ,18,34,39,43,44,45,23
883,2019-11-02,15,1360519525 ,9,18,32,33,37,44,22
884,2019-11-09,12,1799077282 ,4,14,23,28,37,45,17
885,2019-11-16,13,1543832568 ,1,3,24,27,39,45,31
886,2019-11-23,7,2974643786 ,19,23,28,37,42,45,2
887,2019-11-30,8,2535268688 ,8,14,17,27,36,45,10
888,2019-12-07,8,2370359204 ,3,7,12,31,34,38,32
889,2019-12-14,10,2108986950 ,3,13,29,38,39,42,26
890,2019-12-21,9,2335486167 ,1,4,14,18,29,37,6
891,2019-12-28,7,3082673947 ,9,13,28,31,39,41,19
892,2020-01-04,17,1282017464 ,4,9,17,18,26,42,36
893,2020-01-11,9,2377433625 ,1,15,17,23,25,41,10
894,2020-01-18,9,2377935959 ,19,32,37,40,41,43,45
895,2020-01-25,12,1928079219 ,16,26,31,38,39,41,23
896,2020-02-01,7,3053222036 ,5,12,25,26,38,45,23
897,2020-02-08,13,1619922520 ,6,7,12,22,26,36,29
898,2020-02-15,8,2639313235 ,18,21,28,35,37,42,17
899,2020-02-22,6,3359356063 ,8,19,20,21,33,39,37
900,2020-02-29,6,3349851375 ,7,13,16,18,35,38,14
901,2020-03-07,9,2267974667 ,5,18,20,23,30,34,21
902,2020-03-14,13,1619317529 ,7,19,23,24,36,39,30
903,2020-03-21,13,1684582212 ,2,15,16,21,22,28,45
904,2020-03-28,8,2718077813 ,2,6,8,26,43,45,11
905,2020-04-04,7,3017862536 ,3,4,16,27,38,40,20
906,2020-04-11,9,2472607250 ,2,5,14,28,31,32,20
907,2020-04-18,7,3165059036 ,21,27,29,38,40,44,37
908,2020-04-25,8,2834856141 ,3,16,21,22,23,44,30
909,2020-05-02,11,2021062875 ,7,24,29,30,34,35,33
910,2020-05-09,21,941316375 ,1,11,17,27,35,39,31
911,2020-05-16,10,2113538625 ,4,5,12,14,32,42,35
912,2020-05-23,14,1493500581 ,5,8,18,21,22,38,10
913,2020-05-30,16,1338755602 ,6,14,16,21,27,37,40
914,2020-06-06,11,1950005557 ,16,19,24,33,42,44,27
915,2020-06-13,6,3518640500 ,2,6,11,13,22,37,14
916,2020-06-20,11,2025384341 ,6,21,22,32,35,36,17
917,2020-06-27,10,2144799638 ,1,3,23,24,27,43,34
918,2020-07-04,18,1117622646 ,7,11,12,31,33,38,5
919,2020-07-11,5,4305150450 ,9,14,17,18,42,44,35
920,2020-07-18,7,3120260197 ,2,3,26,33,34,43,29
921,2020-07-25,17,1232573405 ,5,7,12,22,28,41,1
922,2020-08-01,6,3417904500 ,2,6,13,17,27,43,36
923,2020-08-08,8,2667554625 ,3,17,18,23,36,41,26
924,2020-08-15,9,2382430667 ,3,11,34,42,43,44,13
925,2020-08-22,12,1771080532 ,13,24,32,34,39,42,4
926,2020-08-29,10,2032490663 ,10,16,18,20,25,31,6
927,2020-09-05,6,3714203875 ,4,15,22,38,41,43,26
928,2020-09-12,7,3134591358 ,3,4,10,20,28,44,30
929,2020-09-19,16,1308035157 ,7,9,12,15,19,23,4
930,2020-09-26,8,2832418829 ,8,21,25,38,39,44,28
931,2020-10-03,8,2957108063 ,14,15,23,25,35,43,32
932,2020-10-10,7,3390022983 ,1,6,15,36,37,38,5
933,2020-10-17,8,2927797079 ,23,27,29,31,36,45,37
934,2020-10-24,4,5765772844 ,1,3,30,33,36,39,12
935,2020-10-31,13,1711055424 ,4,10,20,32,38,44,18
936,2020-11-07,14,1492069179 ,7,11,13,17,18,29,43
937,2020-11-14,11,2058420819 ,2,10,13,22,29,40,26
938,2020-11-21,10,2249466563 ,4,8,10,16,31,36,9
939,2020-11-28,13,1708363039 ,4,11,28,39,42,45,6
940,2020-12-05,8,2846071079 ,3,15,20,22,24,41,11
941,2020-12-12,16,1347297422 ,12,14,25,27,39,40,35
942,2020-12-19,6,3761680313 ,10,12,18,35,42,43,39
943,2020-12-26,7,3435045108 ,1,8,13,36,44,45,39
944,2021-01-02,13,1961836356 ,2,13,16,19,32,33,42
945,2021-01-09,13,1765554491 ,9,10,15,30,33,37,26
946,2021-01-16,11,2157656182 ,9,18,19,30,34,40,20
947,2021-01-23,18,1275855750 ,3,8,17,20,27,35,26
948,2021-01-30,11,2188548716 ,13,18,30,31,38,41,5
949,2021-02-06,10,2458569713 ,14,21,35,36,40,44,30
950,2021-02-13,8,3281920500 ,3,4,15,22,28,40,10
951,2021-02-20,14,1747552661 ,2,12,30,31,39,43,38
952,2021-02-27,9,2713699834 ,4,12,22,24,33,41,38
953,2021-03-06,14,1640636009 ,7,9,22,27,37,42,34
954,2021-03-13,10,2478795900 ,1,9,26,28,30,41,32
955,2021-03-20,12,2023170188 ,4,9,23,26,29,33,8
956,2021-03-27,11,2022982671 ,10,11,20,21,25,41,40
957,2021-04-03,11,2126634137 ,4,15,24,35,36,40,1
958,2021-04-10,15,1596119675 ,2,9,10,16,35,37,1
959,2021-04-17,8,3015312891 ,1,14,15,24,40,41,35
960,2021-04-24,10,2401133213 ,2,18,24,30,32,45,14
961,2021-05-01,9,2575231209 ,11,20,29,31,33,42,43
962,2021-05-08,12,1940906094 ,1,18,28,31,34,43,40
963,2021-05-15,15,1476478125 ,6,12,19,23,34,42,35
964,2021-05-22,10,2345861063 ,6,21,36,38,39,43,30
965,2021-05-29,7,3403348929 ,2,13,25,28,29,36,34
